US	30607	302-DIRECT-MEDIA-ASN
PA	269922	68 MEDIA S.A.
AU	9342	ABCNET-AS-AP Australian Broadcasting Commission
ID	7587	ACCESSNETWORKS TRANSMEDIA-
PH	137226	ACCTN-AS-AP ANGELES CITY CABLE TELEVISION NETWORK, INC.
ID	138890	ACEHLINK-AS-ID PT Acehlink Media
BD	138541	ACTIVE-AS-AP Active Multimedia
ID	135439	ADNET-AS-ID PT ADNET MEDIA INDONESIA
HR	5620	ADRIAMEDIA-AS
AU	55848	AI-MEDIA-AS-AP Access Innovation Media
IN	134326	AIRDESIGNBROADCAST-AS Airdesign Broadcast Media Pvt Ltd
IN	24560	AIRTELBROADBAND-AS-AP Bharti Airtel Ltd., Telemedia Services
ID	38759	AIX-NAP-AS2-ID TRANSMEDIA INDONESIA, PT
IN	140186	AJAXMEDI-AS-IN Amt Media Tech
IT	197589	ALFANEWS
US	1440	ALFORD-MEDIA-SERVICES-DAL-TX
RU	59482	ALIANS-MEDIA-AS
ID	141078	AMANNA-AS-ID PT Amanna Media Link
BD	142287	AMBN-AS-AP A2Z Media Brodband Net
PL	206518	AMEDIA
FR	204426	AMEDIASOLUTIONS
AU	45278	ANC-AS-AP Australian News Channel Pty Ltd
ID	24201	ANDALASMEDIA-AS-ID PT. Andalas Media Informatika
ID	55690	ANDIRA-AS-ID PT Andira Infomedia
PL	52195	AP-MEDIA-AS
PL	197600	APLUSC-AS MEDIA-PRESS.TV S.A.
AU	55472	APNGTSNET-AS-AP APN News & Media
US	208379	APTN THE ASSOCIATED PRESS
IT	34731	ARCHIMEDIA-AS
PL	202399	ART-MEDIA-SKAWINA
ID	136861	ARTAMEDIANET-AS-ID PT. ARTAMEDIA CITRA TELEMATIKA INDONESIA
IT	212659	ARTEMISMEDIASRL
DE	8893	ARTFILES-AS Artfiles New Media GmbH
US	16406	AS-INTERMEDIA
US	19780	AS-INTERMEDIA2
BD	135420	AS-MEDIAONLINE Media Online
US	27616	AS-NEWSCHOOL
KZ	62062	AS-OPENMEDIA
ID	18052	ASIAKOMNET-ID-AP Asiakomnet Multimedia, PT
HK	135398	ASIATECH-HK E-Tech Media Company Data Centre
SG	23920	ASIATEL-AS-AP Asia Mediatel Pte Ltd
UA	197576	ASINFOMEDIA-NET
RU	198616	ASMEDIAKVANT
CZ	56988	ASMOBILETELEVISIONKG
RO	8930	ASN-MEDIAFAX
IT	15472	ASN-NEWSOFT TERRALINK - Internet Tecnology Company
GB	28695	ASN-TRMEDIAAS
AT	43957	ASN-WNTNEWMEDIA
CO	271802	ASOCIACION CANAL LOCAL DE TELEVISION DE MEDELLIN TELEMEDELLIN
GB	209765	ASPIREMEDIA
AT	212131	ASPSMEDIA
SK	197398	ASTESMEDIA
BG	202325	AS_4MEDIA
ID	211459	ATHAMEDIANETWORK Atha Media Network Singapore
ES	204993	ATRESMEDIA
IN	135702	ATRINM-AS Atri Networks And Media Pvt Ltd
US	14471	AUTOMATED-MEDIA-INC
TZ	327819	AZAM-MEDIA
UG	328707	Al-Bayan-Media
AR	28052	Arte Radiotelevisivo Argentino
IN	135695	BABEL-AS-IN Babel Media India Pvt. Ltd.
RU	59580	BATTERFLYAIMEDIA-AS
GB	31459	BBC-RD-AS British Broadcasting Corporation
JP	24259	BC9 kanuma cable television Corporation
ID	139983	BCMEDIA-AS-ID PT. Borneo Cakrawala Media
CA	53829	BELL-MEDIA
ID	55688	BEON-AS-ID PT. Beon Intermedia
DE	205186	BERLINER_VERLAG
PL	50467	BESKID-MEDIA-AS
BG	200628	BGO-MEDIA
AR	266825	BIGMEDIA ARGENTINA S.A.
IN	146902	BIGVENTUR-AS-IN BIGVENTURES MEDIA PVT LTD
ID	136100	BKVTELEMEDIA-AS-ID PT. BKVNET TELEMEDIA
PL	34826	BLUEMEDIA-AS
PL	200577	BLUMEDIA
SE	208639	BONNIER-NEWS-ASN Bonnier News AB
SE	212662	BONNIER-NEWS-ASN Bonnier News Local AB
IN	137626	BRANMARK-AS Branmark Infomedia Pvt. Ltd.
BR	269155	BS News Informatica SCM Ltda ME
JP	18135	BTV BTV Cable Television CO.,LTD.
AR	263741	BUENA ONDA TELEVISORA COLOR SRL
BZ	10269	Belize Telemedia Limited
KR	9946	CABLENET-AS-KR KCTV JEJU BROADCASTING
ID	24200	CAKRAMEDIA-AS-ID PT. Cakramedia Indocyber
FR	12645	CAP-MEDIATEL-AS Blagnac, France
AR	265852	CARLOS PAZ TELEVISION SA
CA	27381	CASALE-MEDIA
ID	58395	CATFISH-AS-ID PT. DUNIACATFISH KREATIF MEDIA
JP	37922	CATVY Diversitymedia Co.,Ltd.
FR	47472	CCMEDIA-AS
PH	141709	CCT-AS-AP Clare Cable TeleVision
RU	210705	CENTRMEDIA_LLC
FR	59859	CERISEMEDIA-AS
CN	7641	CHINABTN China Broadcasting TV Net
JP	23624	CHUKAI Chukai Television Co,.Ltd.
ID	133819	CIM-AS-ID PT CITRA INFOMEDIA
IN	135717	CIMEDIA-AS Cheree Infomedia Pvt. Ltd
ID	136075	CINOXMEDIANET-AS-ID PT Cinoxmedia Network Indonesia
PL	199831	CITIMEDIA
CH	49489	CLEARMEDIA-AS
CN	59048	CLOUDTIMES Bei Jing Cloud Times Technology Co.,Ltd
KR	38684	CMBDAEJEON-AS-KR CMB Daejeon Broadcasting Co,.Ltd
KR	9757	CMBI-AS-KR CMB DONDAEMOON BROADCASTING
KR	10054	CMBKJ-AS-KR CMB Kwangju Broadcasting
KR	38387	CMBSEJONG-AS-KR CMB Sejong Broadcasting Co,.Ltd
KR	18033	CMBTGD-AS-KR CMB TAEGU BROADCASTING
ID	140423	CMEDIANET-AS-ID PT Chandra Media Nusantara
PL	199846	COMNET-MULTIMEDIA-AS
HN	27923	COMPANIA DE TELEVISION VIA SATELITE, S.A. TEVISAT S.A.
DE	45034	COWMEDIA
AU	38905	CPHAPNIC-AS-AP Consolidated Press Holdings Limited
IN	140164	CPIPL-AS ConnectSpacelink Infomedia Pvt Ltd
JP	23635	CRCC CRCCMedia Co.,ltd
IN	135798	CRESTP-AS Springer Nature Technology And Publishing Solutions Pvt Ltd
CN	45075	CRI China Central Television
JP	23780	CTB CTB Media Inc.
JP	17936	CTK Cable Television Kani Co.,Inc.
JP	17957	CTS SOUTH TOKYO CABLETELEVISION
JP	131926	CTS-NET Cable Television Saiki Co.Ltd.
PH	137417	CUP-ASN-PL-AP Cambridge University Press is the publishing business of the University of Cambridge in UK
CV	37517	CV-Multimedia
ID	142307	CYB-AS-ID PT CYB Media Group
RS	198360	CYBERMEDIA
ID	38771	CYBERPLUS-AS-ID PT Cyberplus Media Pratama
PY	264756	Cable Television Satelital SRL
AR	52436	Cable Televisora Color
BR	267550	Chip News Provedor de Internet Eireli
US	6394	DATA-BROADCASTING
UA	61297	DATACENTER-UA LIMITED LIABILITY COMPANY ANTE MEDIAM
DE	203441	DE-MITTELRHEIN-VERLAG-1-AS
IN	133589	DECO-AS DECO MEDIA AND COMMUNICATIONS PVT LTD
NL	39022	DEEPMEDIA-AS
US	36501	DELORME-PUBLISHING
SG	133411	DGIT-AS-AP Mediamind Technologies LTD
AT	28981	DIEPRESSE-AS Styria Media IT
ID	136121	DIGITNET-AS-ID PT Digital Media Telematika
US	399344	DISNEY-TELEVISION-STUDIOS
UA	202404	DK-MEDIA-AS
GB	12789	DMG-MEDIA-LIMITED
NP	132799	DMNPL-AS-AP DISH MEDIA NETWORK PUBLIC LIMITED
NP	138526	DMPL-AS-AP Direct Media Pvt. Ltd
ID	9794	DNET-ID-AP PT. Core Mediatech D-NET
BD	63843	DOHATEC-BD Dohatec New Media
RU	198546	DOMMEDIA-AS
RU	34327	E-PUBLISH Moscow, Russia
ID	141114	EASTMEDIA-AS-ID PT Super Media Indonesia
RO	44544	EASY-MEDIA-AS
US	18570	ECHOSTAR-BROADCASTING-CORPORATION
US	22760	ECNMEDIA
PE	262253	ECONOCABLE MEDIA SAC
NL	51942	EKMEDIA
DE	41585	ELEMENTMEDIA
ID	23695	ELGANET-AS-ID ELGANET-ASN PT. Elga Yasa Media Internet Service
BD	149638	ELMAMULTIMEDIA-AS-AP Elma Multimedia
IN	133694	EMAXGLOBAL-AS EMAX GLOBAL MEDIA PVT. LTD
PE	263224	EMPRESA DE TELECOMUNICACIONES MULTIMEDIA ALFA
ID	138116	EMTN-AS-ID PT. Media Tekno Nusantara
DE	12897	ENTEGAMEDIANET ENTEGA Medianet GmbH
US	27284	ERIETIMESPUBLISHING
ID	4434	ERX-RADNET1-AS PT Rahajasa Media Internet
IN	135817	ESTO-AS-AP ESTO MEDIA PRIVATE LIMITED
IN	136720	ESTO-AS-AP ESTO MEDIA PRIVATE LIMITED
PL	210256	ETMEDIA
FR	211486	EVANSMEDIA
IN	135203	EXCELL-AS Excell Media Pvt Ltd
IN	17754	EXCELL-AS Excellmedia
AU	132858	EYEMEDIA-AS-AP Eye Media Australia Pty Ltd
ID	138079	FASTAMA-AS-ID PT. Fiqran Solusindo Mediatama
ID	136093	FAZNET-AS-ID PT Mitra Lintas Multimedia
PL	197667	FEROMEDIA-AS
ID	55682	FIBERMEDIA-AS-ID PT. Fiber Media Indonesia
PL	49743	FINEMEDIA-WROCLAW
FR	197114	FLKMEDIA
US	53294	FOX-NEWS-CHANNEL-NETWORK
ID	136078	FOXLINE-AS-ID PT. FOXLINE MEDIADATA INDONUSA
PH	137239	FPSTI-AS-AP Fil Products Service Television Incorporated
ID	136082	FROZBIT-ID-AS-ID PT. Frozbit Multimedia Indonesia
VG	56647	FUSIONMEDIA
CZ	49013	FUSION_MEDIA
ID	136874	GARUDA-AS-ID PT. Garuda Media Telematika
ID	132677	GARUDAINFORMATIKA-AS-ID PT Garuda Media Informatika
ID	140413	GAYUHNET-AS-ID PT. GAYUH MEDIA INFORMATIKA
AU	134507	GBMPL-AS-AP Gee Bees Media Pty Ltd
KR	9781	GCS-AS-KR GREEN CABLE TELEVISION STATION
RO	33823	GEMENII-NETWORK PHOENIX TELECOM & MEDIA SERVICES
MD	8917	GENERALMEDIA-AS
US	30094	GIGANEWS
ID	137298	GIRADIA-AS-ID PT Pelangi Nusantara Multimedia
ID	64297	GLOBALMANDIRI-AS-ID PT Medialink Global Mandiri
ID	136865	GLOBALMEDIANET-AS-ID PT. GLOBAL MEDIA REMBANG
ID	138810	GLOSINDO-AS-ID PT Global Media Pratama Solusindo
ID	138089	GMDP-AS-ID PT.Global Media Data Prima
ID	45324	GMEDIA-AS-ID Global Media Teknologi, PT
ID	55666	GMEDIA-AS-ID PT Media Sarana Data
ID	138080	GMIS-AS-ID PT Global Media Inti Semesta
ID	38505	GMNUSANTARA-AS-ID PT Graha Multimedia Nusantara
ID	59282	GPM-AS-ID PT Giga Patra Multimedia
ID	38515	GRAHAMEDIA-NET-AS-ID GRAHAMEDIA INFORMASI, PT.
ID	18365	GRAMEDIA-ID GRAMEDIA, PT.
US	396482	GRAYTELEVISION
ID	138841	GROOVY-AS-ID PT Media Andalan Nusa
CN	63581	GXRTVNET GUANGXI RADIO & TELEVISION INFORMATION NETWORK CO.,LTD.
CN	58852	GZGD Guizhou provincial radio and television information Network Inc
IL	20800	Globes publisher Ltd.
PL	15443	Gremi Media SA
BR	266090	H NEWS TELECOMUNICACOES E INFORMATICA LTDA - ME
IN	141480	HAASHMED-AS Haash Media
JP	23822	HAGINET HAGI Television Co., Ltd.
AU	134408	HANML-AS Hillside Australia New Media Pty Ltd
US	14611	HARPERCOLLINSPUBLISHERS
IN	134465	HARVILMEDIA-AS-AP MS HARVIL MEDIA
CN	63590	HEBBTN Hebei Broadcasting&TV Network
IN	138272	HI5MSPL-AS Hi5 Multimedia Services Pvt Ltd
IN	141292	HIGHSPED-AS High Speed Infomedia Pvt. Ltd.
AU	134679	HILLSIDE-NEW-MEDIA-AS-AP Hillside Australia New Media Pty Ltd
AU	135150	HILLSIDE-NEW-MEDIA-AS-AP Hillside Australia New Media Pty Ltd
AU	58431	HILLSIDE-NEW-MEDIA-AU CO ADDISONS, Commercial Lawyers
HK	142040	HKCTNTC-AS-AP Hong Kong Cloud Times Network Technology Co.,Limited
DE	211909	HOPEMEDIA
PL	208399	HORYZONTMEDIA-AS
RS	205450	HOSTMEDIA-AS
RO	43466	HOTNEWS-AS
IN	132878	HTMEDIALTD-IN HT Media Ltd.
JP	59107	HTV-NET Hachinohe Cable Television Co.
CO	262220	HV TELEVISION S.A.S
CO	263210	HV TELEVISION S.A.S
RO	49171	HYPERMEDIA-AS
ID	55679	HYPERMEDIA-AS-ID PT Hyperindo Media Perkasa
US	30212	HYPERMEDIA-SYSTEMS
MY	45331	I-CITY-AS-AP D-1-G, Jalan Multimedia 7AJ
RU	47334	I-MEDIA-AS
AU	55467	ICEMEDIA-AS-AP Icemedia Pty. Ltd.
JP	10002	ICT IGAUENO CABLE TELEVISION CO.,LTD
LU	60497	ICT-MEDIA
JP	45677	ICV Isahaya Cable Media Co.,Ltd
JP	23618	ICV-NET Ibara Broadcasting Company
IN	58986	IDLE2-IN IDLE ANTS MEDIA PRIVATE LIMITED
ID	136821	IDNIC-3MEDIA-AS-ID PT TRIMEDIA SETIYA DATA
ID	141590	IDNIC-7SKY-AS-ID PT Tujuh Media Angkasa
ID	141920	IDNIC-ABINET-AS-ID PT Andal Berjaya Infomedia
ID	142390	IDNIC-ABSNET-AS-ID PT Abs Multimedia Indonesia
ID	141909	IDNIC-ADITAMA-AS-ID PT Aditama Netmedia Solusindo
ID	142324	IDNIC-AIRANET-AS-ID PT Nervelink Utama Media
ID	142342	IDNIC-AKSESNET-AS-ID PT Media Akses Data
ID	149374	IDNIC-AMDNET-AS-ID PT Alam Media Data
ID	38767	IDNIC-AMSCLOUD-AS-ID PT Awan Media Semesta
ID	139457	IDNIC-ANTMEDIAHOST-AS-ID PT Semut Data Indonesia
ID	147084	IDNIC-ANUMNET-AS-ID PT Anum Nusantara Media
ID	63490	IDNIC-ARTHANET-AS-ID PT Artha Media Lintas Nusa
ID	139989	IDNIC-ATHAMEDIANET-AS-ID CV Atha Media Prima
ID	131755	IDNIC-AXARVA-AS-ID PT Axarva Media Teknologi
ID	141928	IDNIC-BALIANNET-AS-ID PT Balian Media Online Nusantara
ID	141916	IDNIC-BANTANI-NETWORK-AS-ID PT Bantani Media Utama
ID	141943	IDNIC-BERLIANNET-AS-ID PT Berlian Media Teknologi
ID	142331	IDNIC-BOOMBAS-AS-ID PT Boombas Carlo Medianet
ID	63874	IDNIC-BOSOWA-AS-ID PT Celebes Media Jaringan
ID	147100	IDNIC-BUYASNET-AS-ID PT Buyas Media Teknologi Nusantara
ID	149321	IDNIC-CAKRAWALAMEDIA-AS-ID PT Cakrawala Media Data
ID	141139	IDNIC-CHANDELA-AS-ID PT Chandela Lintas Media
ID	55662	IDNIC-CITRAWEB-AS-ID CV. CITRAWEB NUSA INFOMEDIA
ID	136851	IDNIC-COLO-AS-ID PT ARDETAMEDIA GLOBAL KOMPUTINDO
ID	140433	IDNIC-COLOCATION-INDONESIA-AS-ID PT. Colo Media Netindo
ID	141986	IDNIC-CSSMEDIA-AS-ID PT Cahaya Sinergi Semesta
ID	141669	IDNIC-CVRMEDIA-AS-ID PT Citra Victoria Raya
ID	136852	IDNIC-DIGINETMEDIA-AS-ID PT Diginet Media
ID	141924	IDNIC-EMSNET-AS-ID PT Enggar Media Sentana
ID	147108	IDNIC-GGM-AS-ID PT GGM Media Nusantara
ID	139944	IDNIC-GIMCLOUD-AS-ID PT. Global Indo Multimedia
ID	136835	IDNIC-GIN-AS-ID PT. GLobal Intermedia Nusantara
ID	140013	IDNIC-GLOBALMEDIAVISUAL-AS-ID PT Global Media Visual
ID	141913	IDNIC-GMTNET-AS-ID PT Global Media Telekomunikasi Network
ID	149335	IDNIC-GOGIGA-AS-ID PT Gogiga Media Teknologi
ID	141954	IDNIC-GSM-AS-ID PT Gaf Solusindo Media
ID	149323	IDNIC-HBN-AS-ID PT Hobin Nauli Multimedia
ID	136076	IDNIC-HESTA-AS-ID PT Hesta Media Sinergi
ID	149328	IDNIC-HTNC-AS-ID PT Hypermedia Teknologi Nusantara Centralindo
ID	141945	IDNIC-HYDRA-AS-ID PT Hydra Media Indonesia
ID	23694	IDNIC-ICONMEDIANETWORK-AS-ID PT Iconmedia Lintas Nusantara
ID	141093	IDNIC-IMEDIADATA-AS-ID PT Media Data Lintas Nusantara Bersatu
ID	142401	IDNIC-IMNETWORKS-AS-ID PT Inter Koneksi Media
ID	141966	IDNIC-INSTANET-AS-ID PT Instanet Media Nusantara
ID	149360	IDNIC-INTELMEDIA-AS-ID PT Indo Telemedia Solusi
ID	136878	IDNIC-ISN-AS-ID PT. InfoMedia Solusi Net
ID	142347	IDNIC-JAGONET-AS-ID PT Sarana Media Cemerlang
ID	140452	IDNIC-JME-AS-ID PT Jaya Media Expres
ID	141622	IDNIC-JMG-AS-ID PT Java Media Grup
ID	142322	IDNIC-KAF-AS-ID PT Kaf Media Nusantara
ID	141653	IDNIC-KAFILAH-AS-ID PT Kafilah Intermedia Nusantara
ID	142340	IDNIC-LAMDA-AS-ID PT Lancar Artha Media Data
ID	59285	IDNIC-LATANSA-AS-ID PT Latansa Teknologi Multimedia
ID	141620	IDNIC-LINKMEDIA-AS-ID CV Linkmedia Nusantara
ID	142381	IDNIC-MACTEL-AS-ID PT Media Access Telematika
ID	147132	IDNIC-MAFIANET-AS-ID PT Mafianet Akses Media
ID	141673	IDNIC-MAMURA-AS-ID PT Mamura Inter Media
ID	135451	IDNIC-MASNETWORK-AS-ID PT Media Alvina Sejati
ID	136870	IDNIC-MCOM-AS-ID PT Global Mediacom Tbk
ID	142393	IDNIC-MEDIASOLUSISUKSES-AS-ID PT Media Solusi Sukses
ID	147112	IDNIC-MEETAZA-AS-ID PT Meetaza Prawira Media
ID	141627	IDNIC-MESIN-AS-ID PT Media Solusi Network
ID	45734	IDNIC-METROTV-AS-ID PT Media Televisi Indonesia
ID	38760	IDNIC-MSA-AS-ID PT Media Sarana Akses
ID	58551	IDNIC-MTN-AS-ID PT. Mediatama Telematika Nusantara
ID	63503	IDNIC-NADYNE-AS-ID PT. Nadyne Media Tama
ID	135488	IDNIC-OTHMARNETWORK-AS-ID PT OTHMAR MATRA MEDIA
ID	149359	IDNIC-PDM-AS-ID PT Persada Data Multimedia
ID	149333	IDNIC-PRIMADONA-AS-ID PT Primadona Media Digitalindo
ID	58820	IDNIC-PTAMI-AS-ID APIK Media Networks
ID	136845	IDNIC-PTAMI-AS-ID PT Apik Media Inovasi
ID	147128	IDNIC-PTEDM-AS-ID PT Era Digital Media
ID	141123	IDNIC-PUSKOMEDIANET-AS-ID PT Puskomedia Indonesia Kreatif
ID	141983	IDNIC-RAJEGNET-AS-ID PT Rajeg Media Telekomunikasi
ID	149680	IDNIC-RESTUMEDIA-AS-ID CV Restu Media
ID	141642	IDNIC-RINGNET-AS-ID PT Ring Media Nusantara
ID	141934	IDNIC-SBM-AS-ID PT Sanders Bersaudara Media
ID	141889	IDNIC-SIMTEL-AS-ID PT Solusi Media Telekomunikasi
ID	139430	IDNIC-SINDO-ID PT. Media Nusantara Dinamis
ID	141147	IDNIC-SKNET-AS-ID PT Arkananta Global Media
ID	147135	IDNIC-SLM-AS-ID PT Swajasa Lintas Media
ID	141606	IDNIC-SMN-AS-ID PT Sembilan Mediadata Nusaraya
ID	142362	IDNIC-SUKMA-AS-ID PT Sukma Sejati Media
ID	141092	IDNIC-TEKLINGMEDIA-AS-ID PT Tekling Media Interkoneksi
ID	147142	IDNIC-TELENUSA-AS-ID PT Sarana Telemedia Nusantara
ID	142325	IDNIC-TERALINK-AS-ID PT. Teralink Djava Multimedia
ID	131735	IDNIC-TNC-ID PT Telemedia Network Cakrawala
ID	141082	IDNIC-TRIKANET-AS-ID PT Trika Global Media
ID	139405	IDNIC-TRIPLE-AS-ID PT.MEDIA CIPTA TRIMETIKA
ID	147122	IDNIC-ULIZNET-AS-ID PT Uliz Netmedia Solusindo
ID	142319	IDNIC-VIBERLINK-AS-ID PT Telemedia Komunikasi Pratama
ID	141120	IDNIC-WARNAHOST-AS-ID PT Warna Data Multimedia
ID	139995	IDNIC-WIDEHOSTMEDIA-AS-ID PT. Akashia Thuba Jaya
ID	58558	IDNIC-WIJAYASOLUSINDO-AS-ID PT Jagat Media Teknologi
ID	135464	IDNIC-WINETMEDIA-AS-ID Winet Media Persada
US	17157	IHEARTMEDIA-AS-17157
IE	43192	IMEDIA-AS
RO	57098	IMEDIA-AS Pierre de Coubertin 3-5 office building, etaj 5
ID	45711	IMEDIABIZ-AS-ID Imediabiz Indonesia
ID	140457	IMEDIANET-AS-ID PT Ikhlas Cipta Teknologi
ID	138854	IMSNET-AS-ID PT INTER MEDIALINK SOLUSI
NL	207866	INCOMPANYMEDIA
US	33754	INDIANA-NEWSPAPERS-INC
IN	55705	INDIATIMES-IN I World Tower, DLF CITY
ID	132663	INDOMEDIANET-AS-ID PT Indonesia Media Komunikasi Masyarakat
ID	55698	INFOMEDIA-AS-ID Infomedia Nusantara PT.
ID	139984	INMEET-AS-ID PT Indomedia Solusi net
UA	43864	INTEGRA-MEDIA-AS
ID	140008	INTEKNET-AS-ID PT Inti Media Teknologi
US	18707	INTELEMEDIA
AR	267791	INTERMEDIA BUSINESS SOLUTIONS S.R.L.
AU	135160	INTERMEDIA-AS-AP INTERMEDIA.NET AUSTRALIA PTY. LTD.
IN	134055	INTERMEDIACABLE-AS Intermedia Cable Communication Pvt Ltd
ID	24209	INTERMEDIANET-AS-ID PT. Inter Media Lintas Nusa
PY	266858	INTERNET & MEDIA S.A.
BG	29210	INTERNEWS-
DE	8560	IONOS-AS This is the joint network for IONOS, Fasthosts, Arsys, 1&1 Mail and Media and 1&1 Telecom. Formerly known as 1&1 Internet SE.
ID	141056	IOSYS-AS-ID PT IOSYS Media Data
PL	200142	IPMEDIA-AS
RU	51607	IPMEDIA-SOCHI
ID	55667	IPTELECOM-AS-ID PT IP Telecom Multimedia Indonesia
IR	29079	IRNA-AS IRAN News Agency.
US	18530	ISOMEDIA-1
RU	208541	IT-MEDIA
DE	49735	ITSMEDIA
IN	142454	ITSMEDIA-AS-IN IT SPECTRUM MEDIA PVT LTD
PL	50411	ITVMEDIA
JP	18290	IWAMI Mimedia Corporation
BR	270568	Imediata Telecomunicacoes
NG	328564	Informacial-Media-International-AS
ID	136879	JARINDO-AS-ID PT. Media Jaringan Indonesia
ID	138087	JAVAMEDIA-AS-ID PT JAVA MEDIANET TEKHNOLOGI
KR	45361	JCN-AS-KR Ulsan Jung-Ang Broadcasting Network
US	32140	JEWELRY-TELEVISION
ID	55685	JLM-AS-ID PT Jala Lintas Media
ID	133840	JLMNET-AS-ID PT Jala Lintas Media
ID	134658	JNETWORK-AS-ID PT JULIA MULTIMEDIA NUSANTARA
ID	63508	JOGJARINGAN-AS-ID PT DINAMIKA MEDIAKOM
DO	269908	JOSE DIGITAL MEDIA DOMINICANA SRL
ES	204717	JOYMEDIA
PL	198263	K2MEDIA-AS
PH	132021	KALIBOCABLE-PH Kalibo Cable Television Network Inc
ID	132164	KASKUSNETWORKS-AS PT Darta Media Indonesia
JP	37908	KBC KIBI Cable Television Co.,Ltd.
KR	7558	KBS-AS Korean Broadcasting System KBS
KR	38673	KCTVNET-AS-KR Korea Cable TV Kwangju Broadcasting
ID	137343	KHAMSANET-AS-ID PT. KHAZANAH MEDIA NETWORK NUSANTARA
RO	38947	KNETWORKMEDIA
ID	55825	KOMPAS-ID Gedung Kompas Gramedia Unit II Lantai 5
UA	39851	KP-MEDIA
NL	212839	KVLMEDIA
RU	39294	LADA-MEDIA-AS
JP	131954	LCNET Kawaguchiko cable television Inc
US	62750	LIBERTYMEDIA
GB	30930	LIFESCI-AS Scientific publishing
GB	207925	LINEOUT-MEDIA
BR	53186	LINSAT - SISTEMAS DE TELEVISAO E DADOS SC LTDA
ID	46062	LINTASBUANA-AS-ID PT. BUANA LINTAS MEDIA
ID	139449	LINTASDATA-AS-ID PT Lintas Data Multimedia
ID	138093	LINTASMAYA-AS-ID PT. LINTASMAYA MULTI MEDIA
ID	138100	M2N-AS-ID PT. Mahameru Media Nusantara
US	395060	MACMILLAN-PUBLISHERS
KR	9492	MAEKYUNG-AS Maeil Business Newspaper
PL	199151	MAGISMEDIANET-AS
IN	134042	MAHAMEDIACOMLLP-AS-IN MAHA Mediacom LLP
AU	17659	MAINT-AU-SPEEDCASTAUSTRALIA NewSat Ltd
AT	44765	MAKENEWMEDIA-AS
AU	133159	MAMMOTHMEDIA-AS-AP Mammoth Media Pty Ltd
ID	140437	MANAKARRANET-AS-ID PT MEDIA MANAKARRA NET
JP	63782	MAOTV Omaezaki Cable Television Co.Ltd
PH	138969	MARBEL1-AS-AP Marbel Services & Television System, Inc.
CL	271867	MARIO BENAVIDES SERVICIO DE TELEVISION POR CABLE E.I.R.L CABLEVISION DEL SUR
BG	44598	MAXMEDIA-AS
ID	38517	MAXMEDIA-AS-ID PT.Bangsawan Cyberindo
IN	133597	MAXTECH-AS Max tech media and communications pvt ltd
KR	10174	MBC-AS-KR Munhwa Broadcasting Corporation
MY	135551	MCAMC-AS-AP Malaysian Communication and Multimedia Commission
JP	131923	MCAT Mihara Cable Television Ltd.
JP	17939	MCN-NET01 miyazaki cabletelevision network Co.,LTD
PH	142581	MCT-AS-AP Mambulao Cable Television
PH	139752	MCTI-AS-AP Multinetwork Cable Television, Inc
PL	50239	MDI-MEDIA
ID	139971	MDLNET-AS-ID PT. Medialink Intercontinental
BD	134201	MDM-AS-AP Metaphor Digital Media
PL	196792	MEDIA
JP	17699	MEDIA ARTERIA Networks Corporation
EC	269805	MEDIA COMMERCE MEDCOMM S.A
PE	263185	MEDIA COMMERCE PERU S.A.C
PE	265668	MEDIA COMMERCE PERU S.A.C
US	53962	MEDIA-ARTS-LAB
NZ	45359	MEDIA-AS-AP MediaWorks Holdings Limited
PL	34169	MEDIA-COM-TYCHY
CA	14442	MEDIA-HOSTS
UA	59492	MEDIA-IT-27-AS
US	14913	MEDIA-NEWS-GROUP
RU	33797	MEDIA-PLUS-LLC
RU	42001	MEDIA-SOYOUZ-AS
RU	48949	MEDIA-TV-AS
IT	49289	MEDIA-VENETO Media Veneto s.r.l.
BG	62372	MEDIA-VISION-AS
US	1422	MEDIA6-ASN
ID	18351	MEDIAAKSES-AS PT Media Akses Global Indo, Internet Provider Jakarta
UZ	61019	MEDIABAY-ASIA-AS
VG	58143	MEDIABRIDGE-AS ****************************************************
NL	41038	MEDIACASTER-AS
JP	17529	MEDIACAT STARCAT CABLE NETWORK Co .,LTD.
HU	44460	MEDIACENTER-AS
ID	141137	MEDIACEPAT-AS-ID PT Media Cepat Indonesia
ID	140449	MEDIACLOUD-AS-ID PT Media Cloud Indonesia
RU	60292	MEDIACOM-ARCH
US	30036	MEDIACOM-ENTERPRISE-BUSINESS
GB	206352	MEDIACONNECTIVE
SG	133912	MEDIACORPPTELTD-AS-AP MediaCorp Pte Ltd
SG	134407	MEDIACORPPTELTD-AS-AP MediaCorp Pte Ltd
SG	136149	MEDIACORPPTELTD-AS-AP MediaCorp Pte Ltd
FR	197133	MEDIACTIVE-NETWORK MEDIACTIVE SAS
FR	61236	MEDIACTIVE-NETWORK MEDIACTIVE SAS
FR	43573	MEDIACTIVE-NETWORK-USA MEDIACTIVE SAS
US	46179	MEDIAFIRE
SE	197775	MEDIAFRONTIERS
ES	28971	MEDIAFUSION-ES-AS Mediafusion Jetmultimedia Spain
RU	51133	MEDIAGRAND-AS
AU	134101	MEDIAHUB-AS-AP Mediahub Australia Pty Ltd.
BE	199796	MEDIAHUIS
RO	43360	MEDIAIMAGE
ID	131749	MEDIAINDOCYBER-AS-ID PT. Arthatama Adhiprima Persada
UA	209971	MEDIAINVEST-AS Kiev, Ukraine
RU	41842	MEDIAL-AS
RU	206728	MEDIALAND-AS
AM	34492	MEDIALIFE-AS
DE	205614	MEDIALINE-EUROTRADE-AG
FR	39005	MEDIALYS
FI	39324	MEDIAM-AS
FI	213070	MEDIAM-INT-AS
US	30419	MEDIAMATH-INC
FR	12771	MEDIAMETRIE-AS
NL	61200	MEDIAMONKS-AS
IS	51296	MEDIAN-
DE	49836	MEDIAN-AS
UA	56347	MEDIANA-AS
UA	31173	MEDIANA-PLUS-AS
RU	50688	MEDIANET
IT	43364	MEDIANET-AS WISP services in Sardinia, Italy
MV	136234	MEDIANETPVTLTD-AS-AP Media Net Pvt Ltd
NO	34822	MEDIANETWERK
RU	205226	MEDIANET_AS
TR	21245	MEDIANOVA-CDN
US	26057	MEDIAOCEAN
BD	139790	MEDIAONLINENET-AS-AP Media Online
RU	39033	MEDIAOPERATOR-AS
US	18519	MEDIAPOLIS-TELEPHONE-COMPANY
FR	48750	MEDIAPOST
RO	51654	MEDIAPOST-AS
ES	51007	MEDIAPRO-AS
IT	60409	MEDIARAMA
RO	8751	MEDIASAT
NL	41529	MEDIASERVE
DE	205843	MEDIASERVICE
RU	49184	MEDIASERVICE-AS
BA	35107	MEDIASKY-ZIVINICE
RU	206764	MEDIASOFT-AS
CL	263807	MEDIASTREAM SPA
RO	50604	MEDIASUD-AS
PL	205074	MEDIASYSTEM
ID	137370	MEDIATARA-NET-AS-ID PT. Infomedia Global Nusantara
IT	209191	MEDIATECH
BY	60337	MEDIATEK-AS
SE	48803	MEDIATEKNIK
PL	57723	MEDIATELEKOM
UA	8753	MEDIATELESET
US	31815	MEDIATEMPLE
RO	51474	MEDIATREND
NZ	131198	MEDIATRIBELIMITED-AS-AP Mediatribe Limited
JP	9353	MEDIAWARS MEDIAWARS co.,ltd.
JP	7505	MEDIAWEB Fujitsu Systems Applications & Support Limited
CL	269925	MEDIAWEB SPA
PT	8657	MEO-INTERNACIONAL MEO - SERVICOS DE COMUNICACOES E MULTIMEDIA S.A.
CH	44238	METEONEWS-AS
RU	51685	MICRON-MEDIA-AS
IN	141550	MINDAGE-AS Mindage Broadcasting Private Limited
IN	139522	MKIN-AS Mediakind India Pvt. Ltd.
US	30219	MLB-ADVANCED-MEDIA
ID	45312	MLD-ID PT MEDIA LINTAS DATA
ID	38527	MLINK-AS-ID JAWA POS NATIONAL NETWORK MEDIALINK, PT
ID	138866	MMD-AS-ID PT Mitra Media Data
AU	135292	MML-AS-AP Macquarie Media Limited
ID	131112	MMTC-AS-ID Sekolah Tinggi Multi Media MMTC Yogyakarta
ID	141461	MNCKABELMEDIACOM-AS PT. MNC Kabel Mediacom
ID	17670	MNCKABELMEDIACOM-ID PT. MNC Kabel Mediacom
ME	47881	MNNEWS-AS
JP	140363	MPL-AS-AP Media Platform Lab Co., Ltd.
IN	136699	MTCNET-AS Mediatech Communication Pvt.ltd.
ID	136841	MTMBALI-AS-ID PT MITRA TELEMEDIA MANUNGGAL
US	397304	MTOR1-MEDIA-566
IE	206663	MTS-MEDIA
SV	266893	MULTIMEDIA NETWORK, S.A. DE C.V.
BG	47402	MULTIMEDIA-AS
MK	49914	MULTIMEDIA-AS
PL	21021	MULTIMEDIA-AS Cable DTV Internet Voice Provider in Poland.
TW	9416	MULTIMEDIA-AS-AP Hoshin Multimedia Center Inc.
ID	45724	MULTIMEDIA-AS-ID Multi Media Access, PT
MK	206666	MULTIMEDIA-NET
MK	57134	MULTIMEDIA-NET-AS
ID	141098	MULTIMEDIALINKTECH-AS-ID PT Multimedia Link Technology
BD	140957	MUMC-AS-AP Universal Multimedia Center
UA	43306	MUZTV-UA-AS Musical television LLC Ukraine
RO	31244	MYSERVER-MEDIA-AS
HK	9253	MYTV-HK New Media Group Limited
CO	27951	Media Commerce Partners S.A
PE	262182	Media Networks Latin America SAC
MX	28439	Mediared Telecomunicaciones S.A de C.V.
US	36665	NATIONAL-CINEMEDIA
TH	55451	NBTC-THAI-AS-TH Office of the National Broadcasting and
JP	10000	NCM Nagasaki Cable Media Inc.
JP	59127	NCV Newmedia Corporation
AU	7486	NDMPL-AS-AP News Digital Media Pty Limited
IN	24448	NDSINDIA-AS Synamedia Technologies India Private Limited
IN	134024	NDTV-AS New Delhi Television Ltd
US	13532	NEED-TO-KNOW-NEWS
IT	206617	NEOMEDIA
CZ	50025	NET-TELEVISION-AS
ID	141132	NETZEN-AS-ID PT Netzen Media Akses
IN	133310	NETZONE-AS-IN Netzone Netmedia Pvt.ltd.
CH	49446	NEWMEDIA
SG	38001	NEWMEDIAEXPRESS-AS-AP NewMedia Express Pte Ltd
CN	133219	NEWMEDIAEXPRESSCHINA-AS-AP NewMedia Express Pte Ltd
BR	265010	NEWS TELECOM LTDA
MN	139837	NEWSANSARCATV-AS-AP SHINE SANSAR CABLE LLC
US	22076	NEWSBANK
HK	58958	NEWSBOOKLIMITED-HK Rm 1, 1F, Hung Tai Bldg., 37-39 Hung To Road, Kwun Tong
US	396042	NEWSDAY
GR	208552	NEWSIAGR-GR PROCESSING SERVICES SIA GREECE S.A.
BR	269168	NEWSIGNAL INTERNET E TECNOLOGIA
LI	198288	NEWSNET
PH	134431	NEWSNET-AS-AP News and Entertainment Network Corp
US	32863	NEWSPAPERCLIPS
PS	44213	NEWSTARMAX-ASN
US	211739	NEWSTECH-EMEA
IN	55804	NEWSWIRE-IN Army & Navy Building
IN	134315	NEXTISP-AS-IN Nextwise Internet And Broadcasting Pvt. Ltd
ID	139946	NICEMEDIA-AS-ID PT. Teknologi Bumi Nusantara
DE	29008	NIEDERMAYR FAN Media GmbH
US	399443	NIELSEN-MEDIA
ID	140460	NITNET-AS-ID PT Nitnet Media Teknologi
US	19606	NLSNMEDIA
ID	134451	NME-INDONESIA-AS-AP NewMedia Express Pte Ltd
PL	206282	NMEDIA-AS
CA	395233	NMEDIA1047
JP	23613	NMTNET New Media Tokushima Co.,ltd.
ID	59276	NOLSPOT-AS-ID PT Jaringan Multimedia Indonesia
RO	49734	NOOH-MEDIA-AS
US	400167	NORTHERN-WIRELESS-MEDIA
BG	42625	NOVA-TELEVISION
AU	138940	NPCMEDIA-AS-AP NPC Media Pty Limited
AU	138941	NPCMEDIA-AS-AP NPC Media Pty Limited
ID	23679	NUSANET-AS-ID Media Antar Nusa PT.
ZA	328186	Newshelf-1315
JP	10003	OCT-NET Ogaki Cable Television Co.,Inc.
AU	131220	OMD-AS-AP Optimum Media Direction Pty Ltd
SK	61335	OOO-SYSMEDIA-AS
FI	47983	OPTIMESYS
US	15228	OREILLYMEDIA-AS1
US	6061	OREILLYMEDIA-AS2
EU	2147	PA-AS The Press Association Ltd
ID	58482	PALAPAMEDIA-AS-ID PT. Palapa Media Indonesia
PH	147042	PANABO-AS-AP Panabo Satellite Cable Television Inc.
DE	34924	PANKERL-MEDIA
IN	137144	PASSLIR-AS Passit Media And Communication Pvt. Ltd.
US	23473	PAVLOVMEDIA
US	46925	PAVLOVMEDIA-SE
PH	138147	PCTA-AS-AP Philippine Cable Television Association, Inc.
PH	138961	PCTN-AS-AP Paradise Cable Television Network
TW	131627	PEICITY-AS-TW Peicity Digital Cable Television., LTD
ID	131746	PERMANA-AS-ID PT. Medianusa Permana
US	10890	PHILADELPHIA-NEWSPAPERS
IN	134458	PHYADSMEDIA-AS-AP Phyads Media
ID	38506	PIKANET-AS-ID PT Pika Media Komunika
GB	202454	PINE-MEDIA
PH	18194	PMMSI-AS-AP Philippine Multi-Media
IN	136475	PMSL-AS-AP Planetcast Media Services Limited
BG	211265	POLARISMEDIA
RU	200743	POLYMEDIA-AS
JP	131952	POTATO-NET Asahikawa Cable Television Co., Ltd.
PL	43493	POWERMEDIA-AS
BD	139202	POWERMEDIA-AS-AP Power Media
US	21622	PR-NEWSWIRE-USA-1
ID	140475	PRIMAHOME-AS-ID PT Citra Celebas Multimedia
ID	141595	PRIME-AS-ID PT Akbar Prima Media
ID	38754	PRIMENET-AS-ID PRIMEDIA ARMOEKADATA INTERNET, PT.
ID	139977	PRISMA-AS-ID PT PRISMA MEDIA NUSANTARA
KR	9851	PRO-AS-KR KOREA UNIVERSITY OF MEDIA ARTS
PL	51944	PROMEDIA-IPV-AS
PL	199943	PROMEDIA-IPV-AS3
ID	141104	PRONETMEDIA-AS-ID PT Pro Net Media
PL	12992	PROSZYNSKI_MEDIA_AS
US	40014	PUBLISHING-DATA-MANAGEMENT-INC
ID	58503	PUSATMEDIA-AS-ID PT Pusat Media Indonesia
AR	264742	QUITILIPI TELEVISORA COLOR SRL
US	1407	QUOTEMEDIA
BD	64077	RADIANT-IPTV-AS-AP One Stop Media & Entertainment
US	32172	RADICALMEDIA
US	62861	RAYCOM-MEDIA-RSA
FR	35334	RDMEDIAS-AS
IN	137097	REACHTEL-AS Rohan Media Private Ltd
RO	61096	REALMEDIA-AS Bld. Victor Babes, nr. 2
ES	9075	RECOLETOS Publishing Company
ID	38776	REKADATA-AS-ID PT Rekadata Pratama Medianet
ID	58561	REPUBLIKAMEDIAMANDIRI-AS PT Republika Media Mandiri
PL	41434	REUTERS_GDYNIA-AS
US	14770	REYNOLDSMEDIA-01
CZ	47681	RIOMEDIA
NP	63968	RMIPL-NP Regmi Media Inc. Pvt. Ltd.
IN	141333	ROCKETGP-AS-IN Rocket Media Group
IR	44543	ROOYEKHAT RooyeKhat Media Ltd
BE	49333	ROULARTA-MEDIA-GROUP-AS
AU	24476	RPL-CANBERRA-AS-AU Rural Press
IL	42475	RRMEDIA
RU	197309	RSMEDIA-AS
ID	59150	RTIGA-AS-ID PT Rtiga Global Media
RU	50636	RTP-MEDIA
DO	271819	RUDDY GONZALEZ DIGITAL MEDIA DOMINICANA, RGDIMAX, S.R.L
AT	5385	RUSSMEDIA-IT
AR	264716	Red Television SRL
RU	51292	SANOMA-INDEP-MEDIA
DE	28879	SATURN-MEDIA-AS Germany
IN	138301	SBMMPL-AS S B Multimedia Pvt. Ltd.
KR	7627	SBS-AS Seoul Broadcasting System
HK	24002	SCMP-AS-HK-AP South China Morning Post Publishers Limited. English
US	40891	SDI-MEDIA-GROUP
FR	8839	SDV-AS SdV Plurimedia
IN	139195	SEANSMEDIAPVTLTD-AS-AP Seans Media Pvt Ltd
US	17040	SEATTLE-TIMES
KR	9694	SEOKYUNG-CATV-AS-KR Seokyung Cable Television Co.. Ltd.
BR	267212	SERVER MEDIA COMUNICACAO LTDA
CN	59008	SHINENET Beijing flash newsletter cas telecommunication
RU	48507	SIBMEDIAFON-AS
PL	199896	SILVERMEDIA
ID	138099	SIPAJAK-AS-ID PT Hexa Sarana Intermedia
MN	10219	SKYCC-AS-MAIN SKYMEDIA CORPORATION LLC
IN	146860	SKYMEDIA-AS-IN Skytech Mediacom Opc Private Limited
PL	205873	SKYNETMEDIA
NZ	140220	SKYTELEVISION-AS-AP Sky Network Television Ltd
NZ	45620	SKYTELEVISION-AS-AP Sky Network Television Ltd
PK	140608	SMART-AS-AP SMART MULTIMEDIA PRIVATE LIMITED
ID	38772	SMARTLINKNET-AS-ID PT. Smartlink Global Media.
ID	131740	SMARTMEDIA-AS-ID PT Smart Media Pratama
UA	38946	SMARTMEDIANETWORK-1-AS
UA	43580	SMARTYMEDIA-AS
ES	212578	SMEDIA
RU	57064	SMEDIA-AS
NP	139922	SMNPL-AS-AP Simple Media Network Private Limited
ID	136880	SMSNET-AS-ID PT. Sumatra Multimedia Solusi
PL	43803	SPEEDMEDIA-AS
SG	56039	SPHMEDIALIMITED-AS-AP SPH Media Limited
ID	58817	SPOTNET-AS-ID PT. Usaha Mediantara Intranet
BR	28288	SSTV Sistema Sul de Televisao Ltda
UA	57703	STARMEDIA-AS
ID	55699	STARNET-AS-ID PT. Cemerlang Multimedia
MM	134105	STLMC-AS-AP Shwe Than Lwin Media Co.,Ltd.
ID	55665	STMI-AS-ID PT Sampoerna Telemedia Indonesia
PL	56628	STORMMEDIA
US	40001	STROUD-MEDIA
PL	9085	SUPERMEDIA-AS
SE	39597	SVNET-SE-AS Sverige.Net Medianetwork i Halmstad AB
SE	201641	SVT Sveriges Television Aktiebolag
AU	133483	SWITCHMEDIA-AS-AP SWITCH TV PTY LTD TA SWITCH MEDIA
US	397418	SYNAMEDIA
IL	21486	SYNAMEDIA-AS
BE	208270	SYNAMEDIA-BELGIUM
KR	9771	SYNNARA-AS-KR Media Synnara
RU	60892	SYNTERRAMEDIA JSC SYNTERRA MEDIA
GH	328770	Simba-Media-Ghana
JP	24255	T-CATV Tannan Cable Television Corporation
ID	141588	TAMANBUAHNET-AS-ID PT Natakarya Mediatama
CH	206567	TAMEDIA-AS
CA	28944	TATAMEDIA
JP	131930	TBS-NET Tokyo Broadcasting System Television, Inc.
ID	38750	TDS-AS-ID Telemedia Dinamika Sarana, PT
US	13909	TECHIEMEDIA
PL	201787	TECHMEDIA-AS
PL	42261	TECHMEDIA-AS
RU	57085	TELECOM-MEDIA-AS -- AS MOSNET
HU	48893	TELEMEDIA-AS
RO	35512	TELEMEDIA-AS
US	3131	TELEMEDIA-ASN
PL	206651	TELEMEDIAN
IT	21086	TELEMEDIANET-CONSULTAREA
EC	269936	TELEVISION MONTALVO VISION MONVISION S.A.
AR	266704	TELEVISION ORIENTADA S.A.
MX	265551	TELEVISION POR CABLE TEPA S.A DE C.V
DO	266734	TELEVISION POR CABLE, S. R. L.
US	398080	TELEVISION-CITY-STUDIOS-LLC
PE	267904	TELEVISORA DEL SUR SAC
US	23403	THE-COURIER-JOURNAL-AS
PL	199091	THEBESTMEDIA-ASN
US	13619	THOMSON-REUTERS
US	1787	THOMSON-REUTERS
US	21931	THOMSON-REUTERS
US	23109	THOMSON-REUTERS
US	40319	THOMSON-REUTERS
US	4583	THOMSON-REUTERS
AU	134920	THOMSON-REUTERS-AS-AP Thomson Reuters International Services Pvt Ltd
IN	133069	THOMSON-REUTERS-AS-AP Thomson Reuters International Services Pvt Ltd
RU	210753	TILDAPUBLISHING-RU-1
SK	16354	TIMES-NETWORKS-NET
US	4543	TIMESNET
ID	140026	TIMORNET-AS-ID PT. KUPANG INTERMEDIA
ID	141067	TMD-AS-ID PT Trisula Media Data
CN	9810	TNSNET Beijing Times Netstar Technology Co.,Ltd
PL	35198	TOMMEDIA-AS
ID	138814	TPN-LINK-AS-ID PT Telemedia Prima Nusantara
RU	58290	TRANSMEDIA-AS
IN	134892	TRANSMEDIA-AS-IN TransMedia Technologies AP PVT LTD
ID	139389	TRANSNETPADANG-AS-ID PT. Marawa Transmisi Media
ID	56255	TRANSTECH-AS-ID PT Transtech Communication Media
US	11420	TRIBUNE-PUBLISHING-COMPANY
CN	139183	TRLCNET Thomson Reuters Beijing Technology Development Co. Ltd
ID	138849	TRYME-AS-ID PT. Trimitra Media Internet
JP	131933	TTV-NET TAMA Television Co., Ltd
RU	57451	TV-MEDIA-AS
RU	51092	TVIPMEDIA
NZ	37999	TVNZ-AS-NZ Television New Zealand
ES	199952	TVT-AS TVT - Television Torrevieja
GB	31493	TWENTYTWENTYMEDIA-AS
GB	58102	TWODMEDIA
BR	268727	Tecnews.net Consultoria E Assessoria em Informatic
ZA	37618	Telemedia-AS
MX	20173	Televisa, S.A de C.V.
BR	28615	Televisao Cidade SA
MX	11888	Television Internacional, S.A. de C.V.
MX	265594	Television Internacional, S.A. de C.V.
CL	266715	Television Nacional de Chile
DE	199753	UDMEDIA-AS
RU	205886	UGOPUBLISHING
UA	41724	UKRUGMEDIA-AS
ID	55691	UMN-AS-ID Universitas Multimedia Nusantara
FR	202089	UNIMEDIA-AS
ID	17884	UNINET-AP PT. Uninet Media Sakti ISP
ID	45735	UNINET-NAP-AS-ID PT. UNINET MEDIA SAKTI
IN	137160	UNITEL-AS Unitel Media Pvt Ltd
PL	49601	UNITEL-MEDIA
RU	57440	UNITMEDIA-AS
ID	140429	URBANACCESS-AS-ID PT. MEDIA DISTRIBUSI PRIMA
US	46571	USNEWS
ID	139369	UTARAMEDIANET-AS-ID PT. UTARA NUSA MEDIA
IN	17810	VALUEFIRST-AS-AP VALUEFIRST DIGITAL MEDIA PRIVATE LIMITED
GB	44308	VAPOURMEDIA-AS
IN	133593	VBCBROADBAND-AS VIZAG BROADCASTING COMPANY PVT. LTD
US	17285	VIAMEDIA-LEX-KY
RS	43277	VICTORY-MEDIA IPv4 Upstreams
UA	60839	VID-MEDIA-AS
IN	135735	VILITE-AS Vilite Multimedia Private Limited
AR	263834	VILLA GESELL TELEVISION COMUNITARIA S.A.
VN	63754	VMG-AS-VN VMG MEDIA JOINT STOCK COMPANY
IN	138253	VMOBIIN-AS Valuemobi Media Pvt Ltd
VN	23999	VNA-AS-VN Vietnam News Agency
US	395412	VS-MEDIA-IPV4
VN	131410	VTVCAB-AS-VN Vietnam Television Cable Corporation One Member Company Limited
VN	140811	VTVLIVE-AS-VN VIET NAM INTERACTIVE TELEVISION JOINT STOCK COMPANY
GB	208121	VWMEDIA
CA	19062	W3MEDIA
JP	37892	WAI-NET Cable Media WAIWAI Co.,Ltd.
US	13827	WASHPOST
US	30281	WASHPOST
CN	24139	WASUHZ Huashu media&Network Limited
JP	23805	WATVNET Watarase Television Co.,Ltd
JP	18076	WCE-IAMAS Institute of Advanced Media Arts and Sciences
SG	10031	WEBSATMEDIA-AS WEBSATMEDIA PTE LTD, Satellite Over IP, Singapore
AU	9672	WEST-AUSTRALIAN-NEWSPAPERS-AP Optus Customer Network
US	14907	WIKIMEDIA
US	11820	WIKIMEDIA-FOUNDATION
JP	131915	WINDE Hamamatsu Cable Television .Inc
JP	38628	WINK-NET HIMEJI CABLE TELEVISION CORPORATION
ID	140464	WMINET-AS-ID PT Widara Media Informasi
JP	24286	WNI-AS Weathernews,Inc.
GR	43081	WORLD-NEWS
US	393728	WSMEDIA
US	203923	WSMEDIAEU
CN	17781	XHNEWS XINHUA NEWS AGENCY
ID	139967	YAMNET-AS-ID PT. Yasmin Amanah Media
JP	63775	YCTNET YAKAGE CABLE TELEVISION
ID	64024	YESIMEDIA-AS-ID PT Yesi Media Utama
ES	201359	YMEDIANET BGP AS NUMBER AS201359
KR	17863	YONHAPNEWS-AS-KR Yonhap News Agency
DE	43354	ZDF-AS
US	18733	ZENIMAXMEDIA
US	36360	ZINGOMEDIA
US	26801	ZITOMEDIA611
EE	49604	ZONE Zone Media OU
PL	35671	ZPRMEDIA-ASN Warsaw, Poland
